Sequence Name,Class,Subtype,Start,End,Length,Unit,Copies,Sequence,ScoreMethod,Score,GC_Fraction,Conservation_Score,Conservation_P_Value,Conservation_Significance,Arms/Repeat Unit/Copies,Spacer,ML_Probability,ML_Confidence,ML_Stability,ML_Pattern_Score,Enhanced_Score,RIZ_Length,REZ_Length,REZ_GC_Content,Kadane_Score,Structural_Factor,GC_Content,GC_CG_Dinucleotides,Family,CGG_Repeats,G_Fraction,Repeat_Count,Repeat_Unit,Clinical_Significance,Disease_Name,Gene_Symbol,Inheritance_Pattern,Normal_Range,Pathogenic_Threshold,Risk_Score,Instability_Score,Population_Percentile,Clinical_Features,PMID_References,Therapeutic_Target,Genetic_Counseling,Structural_Impact,MotifClasses,ClassBreakdown,SubclassBreakdown,SubclassDetail,ContributingMotifs,OverlapDegree,InteractionStrength,Annotation
NOTCH2,Slipped DNA,Slipped DNA [STR],217,236,20,GGC,6.0,GGCGGCGGCGGCGGCGGCGG,STR_PerfectBlock_v1,11.5,1.0,2.6838537684795982,0.009900990099009901,high,Unit=GGC;Copies=6,,0.9,0.7,0.5,0.5,35.05,,,,,,,,,,,,,,,,,,,,,,,,,,,,,,,,,,
NOTCH2,R-loop,R-loop,160,2190,2031,,,"GGGGAGGAGAGAGTGGGGCTCCTCTATCGGGACCCCCTCCCCATGTGGATCTGCCCAGGC
GGCGGCGGCGGCGGCGGAGGAGGAGGCGACCGAGAAGATGCCCGCCCTGCGCCCCGCTCT
GCTGTGGGCGCTGCTGGCGCTCTGGCTGTGCTGCGCGGCCCCCGCGCATGCATTGCAGTG
TCGAGATGGCTATGAACCCTGTGTAAATGAAGGAATGTGTGTTACCTACCACAATGGCAC
AGGATACTGCAAATGTCCAGAAGGCTTCTTGGGGGAATATTGTCAACATCGAGACCCCTG
TGAGAAGAACCGCTGCCAGAATGGTGGGACTTGTGTGGCCCAGGCCATGCTGGGGAAAGC
CACGTGCCGATGTGCCTCAGGGTTTACAGGAGAGGACTGCCAGTACTCAACATCTCATCC
ATGCTTTGTGTCTCGACCCTGCCTGAATGGCGGCACATGCCATATGCTCAGCCGGGATAC
CTATGAGTGCACCTGTCAAGTCGGGTTTACAGGTAAGGAGTGCCAATGGACGGATGCCTG
CCTGTCTCATCCCTGTGCAAATGGAAGTACCTGTACCACTGTGGCCAACCAGTTCTCCTG
CAAATGCCTCACAGGCTTCACAGGGCAGAAATGTGAGACTGATGTCAATGAGTGTGACAT
TCCAGGACACTGCCAGCATGGTGGCACCTGCCTCAACCTGCCTGGTTCCTACCAGTGCCA
GTGCCCTCAGGGCTTCACAGGCCAGTACTGTGACAGCCTGTATGTGCCCTGTGCACCCTC
ACCTTGTGTCAATGGAGGCACCTGTCGGCAGACTGGTGACTTCACTTTTGAGTGCAACTG
CCTTCCAGGTTTTGAAGGGAGCACCTGTGAGAGGAATATTGATGACTGCCCTAACCACAG
GTGTCAGAATGGAGGGGTTTGTGTGGATGGGGTCAACACTTACAACTGCCGCTGTCCCCC
ACAATGGACAGGACAGTTCTGCACAGAGGATGTGGATGAATGCCTGCTGCAGCCCAATGC
CTGTCAAAATGGGGGCACCTGTGCCAACCGCAATGGAGGCTATGGCTGTGTATGTGTCAA
CGGCTGGAGTGGAGATGACTGCAGTGAGAACATTGATGATTGTGCCTTCGCCTCCTGTAC
TCCAGGCTCCACCTGCATCGACCGTGTGGCCTCCTTCTCTTGCATGTGCCCAGAGGGGAA
GGCAGGTCTCCTGTGTCATCTGGATGATGCATGCATCAGCAATCCTTGCCACAAGGGGGC
ACTGTGTGACACCAACCCCCTAAATGGGCAATATATTTGCACCTGCCCACAAGGCTACAA
AGGGGCTGACTGCACAGAAGATGTGGATGAATGTGCCATGGCCAATAGCAATCCTTGTGA
GCATGCAGGAAAATGTGTGAACACGGATGGCGCCTTCCACTGTGAGTGTCTGAAGGGTTA
TGCAGGACCTCGTTGTGAGATGGACATCAATGAGTGCCATTCAGACCCCTGCCAGAATGA
TGCTACCTGTCTGGATAAGATTGGAGGCTTCACATGTCTGTGCATGCCAGGTTTCAAAGG
TGTGCATTGTGAATTAGAAATAAATGAATGTCAGAGCAACCCTTGTGTGAACAATGGGCA
GTGTGTGGATAAAGTCAATCGTTTCCAGTGCCTGTGTCCTCCTGGTTTCACTGGGCCAGT
TTGCCAGATTGATATTGATGACTGTTCCAGTACTCCGTGTCTGAATGGGGCAAAGTGTAT
CGATCACCCGAATGGCTATGAATGCCAGTGTGCCACAGGTTTCACTGGTGTGTTGTGTGA
GGAGAACATTGACAACTGTGACCCCGATCCTTGCCACCATGGTCAGTGTCAGGATGGTAT
TGATTCCTACACCTGCATCTGCAATCCCGGGTACATGGGCGCCATCTGCAGTGACCAGAT
TGATGAATGTTACAGCAGCCCTTGCCTGAACGATGGTCGCTGCATTGACCTGGTCAATGG
CTACCAGTGCAACTGCCAGCCAGGCACGTCAGGGGTTAATTGTGAAATTAA",RLFS_UnifiedFramework_raw,1104.2649948809258,,4.6214882646745705,0.009900990099009901,high,RIZ=31;REZ=2000,,0.41028103415499656,0.646168620492998,0.14219961240310078,0.5,785.2939274412978,31.0,2000.0,54.0,,,,,,,,,,,,,,,,,,,,,,,,,,,,,,,
NOTCH2,R-loop,R-loop,83,2093,2011,,,"GGGGCGCGGGGAGTCGAGGCATTTGCGCCTGGGCTTCGGAGCGTAGCGCCAGGGCCTGAG
CCTTTGAAGCAGGAGGAGGGGAGGAGAGAGTGGGGCTCCTCTATCGGGACCCCCTCCCCA
TGTGGATCTGCCCAGGCGGCGGCGGCGGCGGCGGAGGAGGAGGCGACCGAGAAGATGCCC
GCCCTGCGCCCCGCTCTGCTGTGGGCGCTGCTGGCGCTCTGGCTGTGCTGCGCGGCCCCC
GCGCATGCATTGCAGTGTCGAGATGGCTATGAACCCTGTGTAAATGAAGGAATGTGTGTT
ACCTACCACAATGGCACAGGATACTGCAAATGTCCAGAAGGCTTCTTGGGGGAATATTGT
CAACATCGAGACCCCTGTGAGAAGAACCGCTGCCAGAATGGTGGGACTTGTGTGGCCCAG
GCCATGCTGGGGAAAGCCACGTGCCGATGTGCCTCAGGGTTTACAGGAGAGGACTGCCAG
TACTCAACATCTCATCCATGCTTTGTGTCTCGACCCTGCCTGAATGGCGGCACATGCCAT
ATGCTCAGCCGGGATACCTATGAGTGCACCTGTCAAGTCGGGTTTACAGGTAAGGAGTGC
CAATGGACGGATGCCTGCCTGTCTCATCCCTGTGCAAATGGAAGTACCTGTACCACTGTG
GCCAACCAGTTCTCCTGCAAATGCCTCACAGGCTTCACAGGGCAGAAATGTGAGACTGAT
GTCAATGAGTGTGACATTCCAGGACACTGCCAGCATGGTGGCACCTGCCTCAACCTGCCT
GGTTCCTACCAGTGCCAGTGCCCTCAGGGCTTCACAGGCCAGTACTGTGACAGCCTGTAT
GTGCCCTGTGCACCCTCACCTTGTGTCAATGGAGGCACCTGTCGGCAGACTGGTGACTTC
ACTTTTGAGTGCAACTGCCTTCCAGGTTTTGAAGGGAGCACCTGTGAGAGGAATATTGAT
GACTGCCCTAACCACAGGTGTCAGAATGGAGGGGTTTGTGTGGATGGGGTCAACACTTAC
AACTGCCGCTGTCCCCCACAATGGACAGGACAGTTCTGCACAGAGGATGTGGATGAATGC
CTGCTGCAGCCCAATGCCTGTCAAAATGGGGGCACCTGTGCCAACCGCAATGGAGGCTAT
GGCTGTGTATGTGTCAACGGCTGGAGTGGAGATGACTGCAGTGAGAACATTGATGATTGT
GCCTTCGCCTCCTGTACTCCAGGCTCCACCTGCATCGACCGTGTGGCCTCCTTCTCTTGC
ATGTGCCCAGAGGGGAAGGCAGGTCTCCTGTGTCATCTGGATGATGCATGCATCAGCAAT
CCTTGCCACAAGGGGGCACTGTGTGACACCAACCCCCTAAATGGGCAATATATTTGCACC
TGCCCACAAGGCTACAAAGGGGCTGACTGCACAGAAGATGTGGATGAATGTGCCATGGCC
AATAGCAATCCTTGTGAGCATGCAGGAAAATGTGTGAACACGGATGGCGCCTTCCACTGT
GAGTGTCTGAAGGGTTATGCAGGACCTCGTTGTGAGATGGACATCAATGAGTGCCATTCA
GACCCCTGCCAGAATGATGCTACCTGTCTGGATAAGATTGGAGGCTTCACATGTCTGTGC
ATGCCAGGTTTCAAAGGTGTGCATTGTGAATTAGAAATAAATGAATGTCAGAGCAACCCT
TGTGTGAACAATGGGCAGTGTGTGGATAAAGTCAATCGTTTCCAGTGCCTGTGTCCTCCT
GGTTTCACTGGGCCAGTTTGCCAGATTGATATTGATGACTGTTCCAGTACTCCGTGTCTG
AATGGGGCAAAGTGTATCGATCACCCGAATGGCTATGAATGCCAGTGTGCCACAGGTTTC
ACTGGTGTGTTGTGTGAGGAGAACATTGACAACTGTGACCCCGATCCTTGCCACCATGGT
CAGTGTCAGGATGGTATTGATTCCTACACCTGCATCTGCAATCCCGGGTACATGGGCGCC
ATCTGCAGTGACCAGATTGATGAATGTTACA",RLFS_UnifiedFramework_raw,1280.630862074198,,4.408639641180055,0.009900990099009901,high,RIZ=11;REZ=2000,,0.44838027993933827,0.669028167963603,0.14554794520547945,0.5,909.8930118501186,11.0,2000.0,54.55,,,,,,,,,,,,,,,,,,,,,,,,,,,,,,,
NOTCH2,R-loop,R-loop,160,2177,2018,,,"GGGGAGGAGAGAGTGGGGCTCCTCTATCGGGACCCCCTCCCCATGTGGATCTGCCCAGGC
GGCGGCGGCGGCGGCGGAGGAGGAGGCGACCGAGAAGATGCCCGCCCTGCGCCCCGCTCT
GCTGTGGGCGCTGCTGGCGCTCTGGCTGTGCTGCGCGGCCCCCGCGCATGCATTGCAGTG
TCGAGATGGCTATGAACCCTGTGTAAATGAAGGAATGTGTGTTACCTACCACAATGGCAC
AGGATACTGCAAATGTCCAGAAGGCTTCTTGGGGGAATATTGTCAACATCGAGACCCCTG
TGAGAAGAACCGCTGCCAGAATGGTGGGACTTGTGTGGCCCAGGCCATGCTGGGGAAAGC
CACGTGCCGATGTGCCTCAGGGTTTACAGGAGAGGACTGCCAGTACTCAACATCTCATCC
ATGCTTTGTGTCTCGACCCTGCCTGAATGGCGGCACATGCCATATGCTCAGCCGGGATAC
CTATGAGTGCACCTGTCAAGTCGGGTTTACAGGTAAGGAGTGCCAATGGACGGATGCCTG
CCTGTCTCATCCCTGTGCAAATGGAAGTACCTGTACCACTGTGGCCAACCAGTTCTCCTG
CAAATGCCTCACAGGCTTCACAGGGCAGAAATGTGAGACTGATGTCAATGAGTGTGACAT
TCCAGGACACTGCCAGCATGGTGGCACCTGCCTCAACCTGCCTGGTTCCTACCAGTGCCA
GTGCCCTCAGGGCTTCACAGGCCAGTACTGTGACAGCCTGTATGTGCCCTGTGCACCCTC
ACCTTGTGTCAATGGAGGCACCTGTCGGCAGACTGGTGACTTCACTTTTGAGTGCAACTG
CCTTCCAGGTTTTGAAGGGAGCACCTGTGAGAGGAATATTGATGACTGCCCTAACCACAG
GTGTCAGAATGGAGGGGTTTGTGTGGATGGGGTCAACACTTACAACTGCCGCTGTCCCCC
ACAATGGACAGGACAGTTCTGCACAGAGGATGTGGATGAATGCCTGCTGCAGCCCAATGC
CTGTCAAAATGGGGGCACCTGTGCCAACCGCAATGGAGGCTATGGCTGTGTATGTGTCAA
CGGCTGGAGTGGAGATGACTGCAGTGAGAACATTGATGATTGTGCCTTCGCCTCCTGTAC
TCCAGGCTCCACCTGCATCGACCGTGTGGCCTCCTTCTCTTGCATGTGCCCAGAGGGGAA
GGCAGGTCTCCTGTGTCATCTGGATGATGCATGCATCAGCAATCCTTGCCACAAGGGGGC
ACTGTGTGACACCAACCCCCTAAATGGGCAATATATTTGCACCTGCCCACAAGGCTACAA
AGGGGCTGACTGCACAGAAGATGTGGATGAATGTGCCATGGCCAATAGCAATCCTTGTGA
GCATGCAGGAAAATGTGTGAACACGGATGGCGCCTTCCACTGTGAGTGTCTGAAGGGTTA
TGCAGGACCTCGTTGTGAGATGGACATCAATGAGTGCCATTCAGACCCCTGCCAGAATGA
TGCTACCTGTCTGGATAAGATTGGAGGCTTCACATGTCTGTGCATGCCAGGTTTCAAAGG
TGTGCATTGTGAATTAGAAATAAATGAATGTCAGAGCAACCCTTGTGTGAACAATGGGCA
GTGTGTGGATAAAGTCAATCGTTTCCAGTGCCTGTGTCCTCCTGGTTTCACTGGGCCAGT
TTGCCAGATTGATATTGATGACTGTTCCAGTACTCCGTGTCTGAATGGGGCAAAGTGTAT
CGATCACCCGAATGGCTATGAATGCCAGTGTGCCACAGGTTTCACTGGTGTGTTGTGTGA
GGAGAACATTGACAACTGTGACCCCGATCCTTGCCACCATGGTCAGTGTCAGGATGGTAT
TGATTCCTACACCTGCATCTGCAATCCCGGGTACATGGGCGCCATCTGCAGTGACCAGAT
TGATGAATGTTACAGCAGCCCTTGCCTGAACGATGGTCGCTGCATTGACCTGGTCAATGG
CTACCAGTGCAACTGCCAGCCAGGCACGTCAGGGGTTA",RLFS_UnifiedFramework_raw,1100.2823730503608,,4.521801219379564,0.009900990099009901,high,RIZ=18;REZ=2000,,0.4099323617188446,0.6459594170313068,0.14261335933690883,0.5,782.4956319868178,18.0,2000.0,54.300000000000004,,,,,,,,,,,,,,,,,,,,,,,,,,,,,,,
NOTCH2,Z-DNA,Z-DNA,1,342,342,,,AGGCTGCTTCGTTGCACACCCGAGAAAGTTTCAGCCAAACTTCGGGCGGCGGCTGAGGCGGCGGCCGAGGAGCGGCGGACTCGGGGCGCGGGGAGTCGAGGCATTTGCGCCTGGGCTTCGGAGCGTAGCGCCAGGGCCTGAGCCTTTGAAGCAGGAGGAGGGGAGGAGAGAGTGGGGCTCCTCTATCGGGACCCCCTCCCCATGTGGATCTGCCCAGGCGGCGGCGGCGGCGGCGGAGGAGGAGGCGACCGAGAAGATGCCCGCCCTGCGCCCCGCTCTGCTGTGGGCGCTGCTGGCGCTCTGGCTGTGCTGCGCGGCCCCCGCGCATGCATTGCAGTGTCG,Kadane_TransitionArray_v1,90.0,,0.0,1.0,,,,0.4236764932860009,0.5965735453002006,0.5,0.3724340175953079,75.71029479858002,,,,90.0,1.0,0.711,90.0,,,,,,,,,,,,,,,,,,,,,,,,,,,
NOTCH2,Z-DNA,eGZ (Extruded-G) DNA,219,236,18,,,CGGCGGCGGCGGCGGCGG,eGZ_CGG_Expansion_v1,13.999999999999998,,0.0,1.0,,Unit=CGG;Copies=6,,0.7529411764705882,0.8270588235294116,0.5,0.6470588235294118,32.38823529411765,,,,,1.0,,,Double-stranded,6.0,0.667,,,,,,,,,,,,,,,,,,,,,,,,
NOTCH2,Disease-Associated Motif,FRA12A_repeat,219,236,18,,,CGGCGGCGGCGGCGGCGG,Disease_Associated_Clinical_Classification,97.5,,53.333333333333336,,,,,0.5,0.7,0.5,0.5,83.25,,,,,,,,,,,6.0,CGG,Pathogenic,FRA12A,FRA12A,AD,0-0,1.0,97.5,51.8,12.441314553990608,Fragile site; Chromosomal instability,30467083; 31234567; 32345678,Gene therapy; Pharmacological read-through,"Pathogenic variant - confirm diagnosis, family screening recommended, AD inheritance",Minimal structural impact predicted,,,,,,,,
NOTCH2,Hybrid,Hybrid_R-loop(3)_Z-DNA(1),83,342,260,,,"GGGGCGCGGGGAGTCGAGGCATTTGCGCCTGGGCTTCGGAGCGTAGCGCCAGGGCCTGAG
CCTTTGAAGCAGGAGGAGGGGAGGAGAGAGTGGGGCTCCTCTATCGGGACCCCCTCCCCA
TGTGGATCTGCCCAGGCGGCGGCGGCGGCGGCGGAGGAGGAGGCGACCGAGAAGATGCCC
GCCCTGCGCCCCGCTCTGCTGTGGGCGCTGCTGGCGCTCTGGCTGTGCTGCGCGGCCCCC
GCGCATGCATTGCAGTGTCG",HybridOverlap_SubclassAnalysis_raw,823.8224577265223,,,,,Classes=2;Subtypes=2,,0.5,0.7,0.5,0.5,591.6757204085656,,,,,,,,,,,,,,,,,,,,,,,,,,,"['R-loop', 'Z-DNA']","{'R-loop': 3, 'Z-DNA': 1}","{'R-loop:R-loop': 3, 'Z-DNA:Z-DNA': 1}",R-loop(3); Z-DNA(1),"[{'Sequence Name': 'NOTCH2', 'Class': 'R-loop', 'Subtype': 'R-loop', 'Start': 160, 'End': 2190, 'Length': 2031, 'Sequence': 'GGGGAGGAGAGAGTGGGGCTCCTCTATCGGGACCCCCTCCCCATGTGGATCTGCCCAGGC\nGGCGGCGGCGGCGGCGGAGGAGGAGGCGACCGAGAAGATGCCCGCCCTGCGCCCCGCTCT\nGCTGTGGGCGCTGCTGGCGCTCTGGCTGTGCTGCGCGGCCCCCGCGCATGCATTGCAGTG\nTCGAGATGGCTATGAACCCTGTGTAAATGAAGGAATGTGTGTTACCTACCACAATGGCAC\nAGGATACTGCAAATGTCCAGAAGGCTTCTTGGGGGAATATTGTCAACATCGAGACCCCTG\nTGAGAAGAACCGCTGCCAGAATGGTGGGACTTGTGTGGCCCAGGCCATGCTGGGGAAAGC\nCACGTGCCGATGTGCCTCAGGGTTTACAGGAGAGGACTGCCAGTACTCAACATCTCATCC\nATGCTTTGTGTCTCGACCCTGCCTGAATGGCGGCACATGCCATATGCTCAGCCGGGATAC\nCTATGAGTGCACCTGTCAAGTCGGGTTTACAGGTAAGGAGTGCCAATGGACGGATGCCTG\nCCTGTCTCATCCCTGTGCAAATGGAAGTACCTGTACCACTGTGGCCAACCAGTTCTCCTG\nCAAATGCCTCACAGGCTTCACAGGGCAGAAATGTGAGACTGATGTCAATGAGTGTGACAT\nTCCAGGACACTGCCAGCATGGTGGCACCTGCCTCAACCTGCCTGGTTCCTACCAGTGCCA\nGTGCCCTCAGGGCTTCACAGGCCAGTACTGTGACAGCCTGTATGTGCCCTGTGCACCCTC\nACCTTGTGTCAATGGAGGCACCTGTCGGCAGACTGGTGACTTCACTTTTGAGTGCAACTG\nCCTTCCAGGTTTTGAAGGGAGCACCTGTGAGAGGAATATTGATGACTGCCCTAACCACAG\nGTGTCAGAATGGAGGGGTTTGTGTGGATGGGGTCAACACTTACAACTGCCGCTGTCCCCC\nACAATGGACAGGACAGTTCTGCACAGAGGATGTGGATGAATGCCTGCTGCAGCCCAATGC\nCTGTCAAAATGGGGGCACCTGTGCCAACCGCAATGGAGGCTATGGCTGTGTATGTGTCAA\nCGGCTGGAGTGGAGATGACTGCAGTGAGAACATTGATGATTGTGCCTTCGCCTCCTGTAC\nTCCAGGCTCCACCTGCATCGACCGTGTGGCCTCCTTCTCTTGCATGTGCCCAGAGGGGAA\nGGCAGGTCTCCTGTGTCATCTGGATGATGCATGCATCAGCAATCCTTGCCACAAGGGGGC\nACTGTGTGACACCAACCCCCTAAATGGGCAATATATTTGCACCTGCCCACAAGGCTACAA\nAGGGGCTGACTGCACAGAAGATGTGGATGAATGTGCCATGGCCAATAGCAATCCTTGTGA\nGCATGCAGGAAAATGTGTGAACACGGATGGCGCCTTCCACTGTGAGTGTCTGAAGGGTTA\nTGCAGGACCTCGTTGTGAGATGGACATCAATGAGTGCCATTCAGACCCCTGCCAGAATGA\nTGCTACCTGTCTGGATAAGATTGGAGGCTTCACATGTCTGTGCATGCCAGGTTTCAAAGG\nTGTGCATTGTGAATTAGAAATAAATGAATGTCAGAGCAACCCTTGTGTGAACAATGGGCA\nGTGTGTGGATAAAGTCAATCGTTTCCAGTGCCTGTGTCCTCCTGGTTTCACTGGGCCAGT\nTTGCCAGATTGATATTGATGACTGTTCCAGTACTCCGTGTCTGAATGGGGCAAAGTGTAT\nCGATCACCCGAATGGCTATGAATGCCAGTGTGCCACAGGTTTCACTGGTGTGTTGTGTGA\nGGAGAACATTGACAACTGTGACCCCGATCCTTGCCACCATGGTCAGTGTCAGGATGGTAT\nTGATTCCTACACCTGCATCTGCAATCCCGGGTACATGGGCGCCATCTGCAGTGACCAGAT\nTGATGAATGTTACAGCAGCCCTTGCCTGAACGATGGTCGCTGCATTGACCTGGTCAATGG\nCTACCAGTGCAACTGCCAGCCAGGCACGTCAGGGGTTAATTGTGAAATTAA', 'ScoreMethod': 'RLFS_UnifiedFramework_raw', 'Score': 1104.2649948809258, 'RIZ_Length': 31, 'REZ_Length': 2000, 'REZ_GC_Content': 54.0, 'Conservation_Score': 4.6214882646745705, 'Conservation_P_Value': 0.009900990099009901, 'Conservation_Significance': 'high', 'Arms/Repeat Unit/Copies': 'RIZ=31;REZ=2000', 'Spacer': '', 'ML_Probability': 0.41028103415499656, 'ML_Confidence': 0.646168620492998, 'ML_Stability': 0.14219961240310078, 'ML_Pattern_Score': 0.5, 'Enhanced_Score': 785.2939274412978}, {'Sequence Name': 'NOTCH2', 'Class': 'R-loop', 'Subtype': 'R-loop', 'Start': 83, 'End': 2093, 'Length': 2011, 'Sequence': 'GGGGCGCGGGGAGTCGAGGCATTTGCGCCTGGGCTTCGGAGCGTAGCGCCAGGGCCTGAG\nCCTTTGAAGCAGGAGGAGGGGAGGAGAGAGTGGGGCTCCTCTATCGGGACCCCCTCCCCA\nTGTGGATCTGCCCAGGCGGCGGCGGCGGCGGCGGAGGAGGAGGCGACCGAGAAGATGCCC\nGCCCTGCGCCCCGCTCTGCTGTGGGCGCTGCTGGCGCTCTGGCTGTGCTGCGCGGCCCCC\nGCGCATGCATTGCAGTGTCGAGATGGCTATGAACCCTGTGTAAATGAAGGAATGTGTGTT\nACCTACCACAATGGCACAGGATACTGCAAATGTCCAGAAGGCTTCTTGGGGGAATATTGT\nCAACATCGAGACCCCTGTGAGAAGAACCGCTGCCAGAATGGTGGGACTTGTGTGGCCCAG\nGCCATGCTGGGGAAAGCCACGTGCCGATGTGCCTCAGGGTTTACAGGAGAGGACTGCCAG\nTACTCAACATCTCATCCATGCTTTGTGTCTCGACCCTGCCTGAATGGCGGCACATGCCAT\nATGCTCAGCCGGGATACCTATGAGTGCACCTGTCAAGTCGGGTTTACAGGTAAGGAGTGC\nCAATGGACGGATGCCTGCCTGTCTCATCCCTGTGCAAATGGAAGTACCTGTACCACTGTG\nGCCAACCAGTTCTCCTGCAAATGCCTCACAGGCTTCACAGGGCAGAAATGTGAGACTGAT\nGTCAATGAGTGTGACATTCCAGGACACTGCCAGCATGGTGGCACCTGCCTCAACCTGCCT\nGGTTCCTACCAGTGCCAGTGCCCTCAGGGCTTCACAGGCCAGTACTGTGACAGCCTGTAT\nGTGCCCTGTGCACCCTCACCTTGTGTCAATGGAGGCACCTGTCGGCAGACTGGTGACTTC\nACTTTTGAGTGCAACTGCCTTCCAGGTTTTGAAGGGAGCACCTGTGAGAGGAATATTGAT\nGACTGCCCTAACCACAGGTGTCAGAATGGAGGGGTTTGTGTGGATGGGGTCAACACTTAC\nAACTGCCGCTGTCCCCCACAATGGACAGGACAGTTCTGCACAGAGGATGTGGATGAATGC\nCTGCTGCAGCCCAATGCCTGTCAAAATGGGGGCACCTGTGCCAACCGCAATGGAGGCTAT\nGGCTGTGTATGTGTCAACGGCTGGAGTGGAGATGACTGCAGTGAGAACATTGATGATTGT\nGCCTTCGCCTCCTGTACTCCAGGCTCCACCTGCATCGACCGTGTGGCCTCCTTCTCTTGC\nATGTGCCCAGAGGGGAAGGCAGGTCTCCTGTGTCATCTGGATGATGCATGCATCAGCAAT\nCCTTGCCACAAGGGGGCACTGTGTGACACCAACCCCCTAAATGGGCAATATATTTGCACC\nTGCCCACAAGGCTACAAAGGGGCTGACTGCACAGAAGATGTGGATGAATGTGCCATGGCC\nAATAGCAATCCTTGTGAGCATGCAGGAAAATGTGTGAACACGGATGGCGCCTTCCACTGT\nGAGTGTCTGAAGGGTTATGCAGGACCTCGTTGTGAGATGGACATCAATGAGTGCCATTCA\nGACCCCTGCCAGAATGATGCTACCTGTCTGGATAAGATTGGAGGCTTCACATGTCTGTGC\nATGCCAGGTTTCAAAGGTGTGCATTGTGAATTAGAAATAAATGAATGTCAGAGCAACCCT\nTGTGTGAACAATGGGCAGTGTGTGGATAAAGTCAATCGTTTCCAGTGCCTGTGTCCTCCT\nGGTTTCACTGGGCCAGTTTGCCAGATTGATATTGATGACTGTTCCAGTACTCCGTGTCTG\nAATGGGGCAAAGTGTATCGATCACCCGAATGGCTATGAATGCCAGTGTGCCACAGGTTTC\nACTGGTGTGTTGTGTGAGGAGAACATTGACAACTGTGACCCCGATCCTTGCCACCATGGT\nCAGTGTCAGGATGGTATTGATTCCTACACCTGCATCTGCAATCCCGGGTACATGGGCGCC\nATCTGCAGTGACCAGATTGATGAATGTTACA', 'ScoreMethod': 'RLFS_UnifiedFramework_raw', 'Score': 1280.630862074198, 'RIZ_Length': 11, 'REZ_Length': 2000, 'REZ_GC_Content': 54.55, 'Conservation_Score': 4.408639641180055, 'Conservation_P_Value': 0.009900990099009901, 'Conservation_Significance': 'high', 'Arms/Repeat Unit/Copies': 'RIZ=11;REZ=2000', 'Spacer': '', 'ML_Probability': 0.44838027993933827, 'ML_Confidence': 0.669028167963603, 'ML_Stability': 0.14554794520547945, 'ML_Pattern_Score': 0.5, 'Enhanced_Score': 909.8930118501186}, {'Sequence Name': 'NOTCH2', 'Class': 'R-loop', 'Subtype': 'R-loop', 'Start': 160, 'End': 2177, 'Length': 2018, 'Sequence': 'GGGGAGGAGAGAGTGGGGCTCCTCTATCGGGACCCCCTCCCCATGTGGATCTGCCCAGGC\nGGCGGCGGCGGCGGCGGAGGAGGAGGCGACCGAGAAGATGCCCGCCCTGCGCCCCGCTCT\nGCTGTGGGCGCTGCTGGCGCTCTGGCTGTGCTGCGCGGCCCCCGCGCATGCATTGCAGTG\nTCGAGATGGCTATGAACCCTGTGTAAATGAAGGAATGTGTGTTACCTACCACAATGGCAC\nAGGATACTGCAAATGTCCAGAAGGCTTCTTGGGGGAATATTGTCAACATCGAGACCCCTG\nTGAGAAGAACCGCTGCCAGAATGGTGGGACTTGTGTGGCCCAGGCCATGCTGGGGAAAGC\nCACGTGCCGATGTGCCTCAGGGTTTACAGGAGAGGACTGCCAGTACTCAACATCTCATCC\nATGCTTTGTGTCTCGACCCTGCCTGAATGGCGGCACATGCCATATGCTCAGCCGGGATAC\nCTATGAGTGCACCTGTCAAGTCGGGTTTACAGGTAAGGAGTGCCAATGGACGGATGCCTG\nCCTGTCTCATCCCTGTGCAAATGGAAGTACCTGTACCACTGTGGCCAACCAGTTCTCCTG\nCAAATGCCTCACAGGCTTCACAGGGCAGAAATGTGAGACTGATGTCAATGAGTGTGACAT\nTCCAGGACACTGCCAGCATGGTGGCACCTGCCTCAACCTGCCTGGTTCCTACCAGTGCCA\nGTGCCCTCAGGGCTTCACAGGCCAGTACTGTGACAGCCTGTATGTGCCCTGTGCACCCTC\nACCTTGTGTCAATGGAGGCACCTGTCGGCAGACTGGTGACTTCACTTTTGAGTGCAACTG\nCCTTCCAGGTTTTGAAGGGAGCACCTGTGAGAGGAATATTGATGACTGCCCTAACCACAG\nGTGTCAGAATGGAGGGGTTTGTGTGGATGGGGTCAACACTTACAACTGCCGCTGTCCCCC\nACAATGGACAGGACAGTTCTGCACAGAGGATGTGGATGAATGCCTGCTGCAGCCCAATGC\nCTGTCAAAATGGGGGCACCTGTGCCAACCGCAATGGAGGCTATGGCTGTGTATGTGTCAA\nCGGCTGGAGTGGAGATGACTGCAGTGAGAACATTGATGATTGTGCCTTCGCCTCCTGTAC\nTCCAGGCTCCACCTGCATCGACCGTGTGGCCTCCTTCTCTTGCATGTGCCCAGAGGGGAA\nGGCAGGTCTCCTGTGTCATCTGGATGATGCATGCATCAGCAATCCTTGCCACAAGGGGGC\nACTGTGTGACACCAACCCCCTAAATGGGCAATATATTTGCACCTGCCCACAAGGCTACAA\nAGGGGCTGACTGCACAGAAGATGTGGATGAATGTGCCATGGCCAATAGCAATCCTTGTGA\nGCATGCAGGAAAATGTGTGAACACGGATGGCGCCTTCCACTGTGAGTGTCTGAAGGGTTA\nTGCAGGACCTCGTTGTGAGATGGACATCAATGAGTGCCATTCAGACCCCTGCCAGAATGA\nTGCTACCTGTCTGGATAAGATTGGAGGCTTCACATGTCTGTGCATGCCAGGTTTCAAAGG\nTGTGCATTGTGAATTAGAAATAAATGAATGTCAGAGCAACCCTTGTGTGAACAATGGGCA\nGTGTGTGGATAAAGTCAATCGTTTCCAGTGCCTGTGTCCTCCTGGTTTCACTGGGCCAGT\nTTGCCAGATTGATATTGATGACTGTTCCAGTACTCCGTGTCTGAATGGGGCAAAGTGTAT\nCGATCACCCGAATGGCTATGAATGCCAGTGTGCCACAGGTTTCACTGGTGTGTTGTGTGA\nGGAGAACATTGACAACTGTGACCCCGATCCTTGCCACCATGGTCAGTGTCAGGATGGTAT\nTGATTCCTACACCTGCATCTGCAATCCCGGGTACATGGGCGCCATCTGCAGTGACCAGAT\nTGATGAATGTTACAGCAGCCCTTGCCTGAACGATGGTCGCTGCATTGACCTGGTCAATGG\nCTACCAGTGCAACTGCCAGCCAGGCACGTCAGGGGTTA', 'ScoreMethod': 'RLFS_UnifiedFramework_raw', 'Score': 1100.2823730503608, 'RIZ_Length': 18, 'REZ_Length': 2000, 'REZ_GC_Content': 54.300000000000004, 'Conservation_Score': 4.521801219379564, 'Conservation_P_Value': 0.009900990099009901, 'Conservation_Significance': 'high', 'Arms/Repeat Unit/Copies': 'RIZ=18;REZ=2000', 'Spacer': '', 'ML_Probability': 0.4099323617188446, 'ML_Confidence': 0.6459594170313068, 'ML_Stability': 0.14261335933690883, 'ML_Pattern_Score': 0.5, 'Enhanced_Score': 782.4956319868178}, {'Sequence Name': 'NOTCH2', 'Class': 'Z-DNA', 'Subtype': 'Z-DNA', 'Start': 1, 'End': 342, 'Length': 342, 'Sequence': 'AGGCTGCTTCGTTGCACACCCGAGAAAGTTTCAGCCAAACTTCGGGCGGCGGCTGAGGCGGCGGCCGAGGAGCGGCGGACTCGGGGCGCGGGGAGTCGAGGCATTTGCGCCTGGGCTTCGGAGCGTAGCGCCAGGGCCTGAGCCTTTGAAGCAGGAGGAGGGGAGGAGAGAGTGGGGCTCCTCTATCGGGACCCCCTCCCCATGTGGATCTGCCCAGGCGGCGGCGGCGGCGGCGGAGGAGGAGGCGACCGAGAAGATGCCCGCCCTGCGCCCCGCTCTGCTGTGGGCGCTGCTGGCGCTCTGGCTGTGCTGCGCGGCCCCCGCGCATGCATTGCAGTGTCG', 'ScoreMethod': 'Kadane_TransitionArray_v1', 'Score': 90.0, 'Kadane_Score': 90.0, 'Structural_Factor': 1.0, 'GC_Content': 0.711, 'GC_CG_Dinucleotides': 90, 'Conservation_Score': 0.0, 'Conservation_P_Value': 1.0, 'Conservation_Significance': '', 'Arms/Repeat Unit/Copies': '', 'Spacer': '', 'ML_Probability': 0.4236764932860009, 'ML_Confidence': 0.5965735453002006, 'ML_Stability': 0.5, 'ML_Pattern_Score': 0.3724340175953079, 'Enhanced_Score': 75.71029479858002}]",0.128,0.8,"This hybrid region spans multiple non-B DNA classes, indicating a potential hotspot for chromatin remodeling, replication stalling, or mutagenesis. Longer spans with diverse motif composition have higher biological impact."
